"County","IRN","Organization Name","Student Count","Student Count At or Above 392","Percentage"
"Summit","043489","Akron City","1596.0","1262.0","0.7907268170426065"
"Stark","043497","Alliance City","213.0","170.0","0.7981220657276995"
"Ashland","043505","Ashland City","223.0","190.0","0.852017937219731"
"Ashtabula","043513","Ashtabula Area City","264.0","207.0","0.7840909090909091"
"Athens","043521","Athens City","183.0","153.0","0.8360655737704918"
"Summit","043539","Barberton City","261.0","232.0","0.8888888888888888"
"Cuyahoga","043547","Bay Village City","188.0","185.0","0.9840425531914894"
"Cuyahoga","043554","Beachwood City","85.0","84.0","0.9882352941176471"
"Cuyahoga","043562","Bedford City","262.0","221.0","0.8435114503816794"
"Belmont","043570","Bellaire Local","102.0","101.0","0.9901960784313726"
"Logan","043588","Bellefontaine City","171.0","158.0","0.9239766081871345"
"Huron","043596","Bellevue City","133.0","131.0","0.9849624060150376"
"Washington","043604","Belpre City","77.0","69.0","0.8961038961038961"
"Cuyahoga","043612","Berea City","471.0","446.0","0.9469214437367304"
"Franklin","043620","Bexley City","160.0","158.0","0.9875"
"Wood","043638","Bowling Green City School District","244.0","220.0","0.9016393442622951"
"Cuyahoga","043646","Brecksville-Broadview Heights City","257.0","248.0","0.9649805447470817"
"Cuyahoga","043653","Brooklyn City","108.0","86.0","0.7962962962962963"
"Medina","043661","Brunswick City","514.0","485.0","0.943579766536965"
"Williams","043679","Bryan City","140.0","124.0","0.8857142857142857"
"Crawford","043687","Bucyrus City","119.0","93.0","0.7815126050420168"
"Guernsey","043695","Cambridge City","176.0","155.0","0.8806818181818182"
"Mahoning","043703","Campbell City","94.0","69.0","0.7340425531914894"
"Stark","043711","Canton City","686.0","513.0","0.7478134110787172"
"Mercer","043729","Celina City","200.0","185.0","0.925"
"Montgomery","043737","Centerville City","571.0","561.0","0.9824868651488616"
"Ross","043745","Chillicothe City","197.0","167.0","0.8477157360406091"
"Hamilton","043752","Cincinnati City","2465.0","2017.0","0.8182555780933063"
"Pickaway","043760","Circleville City","150.0","127.0","0.8466666666666667"
"Tuscarawas","043778","Claymont City","162.0","156.0","0.9629629629629629"
"Cuyahoga","043786","Cleveland Municipal","2701.0","1702.0","0.6301369863013698"
"Cuyahoga","043794","Cleveland Heights-University Heights City","424.0","347.0","0.8183962264150944"
"Franklin","043802","Columbus City School District","4271.0","2957.0","0.6923437134160618"
"Ashtabula","043810","Conneaut Area City","134.0","122.0","0.9104477611940298"
"Coshocton","043828","Coshocton City","124.0","111.0","0.8951612903225806"
"Summit","043836","Cuyahoga Falls City","347.0","322.0","0.9279538904899135"
"Montgomery","043844","Dayton City","1008.0","657.0","0.6517857142857143"
"Hamilton","043851","Deer Park Community City","85.0","82.0","0.9647058823529412"
"Defiance","043869","Defiance City","184.0","170.0","0.9239130434782609"
"Delaware","043877","Delaware City","426.0","395.0","0.9272300469483568"
"Allen","043885","Delphos City","85.0","83.0","0.9764705882352941"
"Tuscarawas","043893","Dover City","197.0","186.0","0.9441624365482234"
"Cuyahoga","043901","East Cleveland City School District","168.0","115.0","0.6845238095238095"
"Columbiana","043919","East Liverpool City","144.0","106.0","0.7361111111111112"
"Columbiana","043927","East Palestine City","81.0","72.0","0.8888888888888888"
"Preble","043935","Eaton Community City","168.0","151.0","0.8988095238095238"
"Lorain","043943","Elyria City Schools","466.0","370.0","0.7939914163090128"
"Cuyahoga","043950","Euclid City","365.0","261.0","0.7150684931506849"
"Greene","043968","Fairborn City","353.0","291.0","0.8243626062322946"
"Cuyahoga","043976","Fairview Park City","116.0","112.0","0.9655172413793104"
"Hancock","043984","Findlay City","408.0","364.0","0.8921568627450981"
"Seneca","043992","Fostoria City","124.0","103.0","0.8306451612903226"
"Warren","044008","Franklin City","224.0","199.0","0.8883928571428571"
"Sandusky","044016","Fremont City","345.0","314.0","0.9101449275362319"
"Crawford","044024","Galion City","169.0","144.0","0.8520710059171598"
"Gallia","044032","Gallipolis City","159.0","149.0","0.9371069182389937"
"Cuyahoga","044040","Garfield Heights City Schools","244.0","188.0","0.7704918032786885"
"Ashtabula","044057","Geneva Area City","175.0","146.0","0.8342857142857143"
"Trumbull","044065","Girard City School District","131.0","117.0","0.8931297709923665"
"Franklin","044073","Grandview Heights City","83.0","82.0","0.9879518072289156"
"Hamilton","044081","Winton Woods City","263.0","194.0","0.7376425855513308"
"Darke","044099","Greenville City","198.0","174.0","0.8787878787878788"
"Butler","044107","Hamilton City","785.0","686.0","0.8738853503184714"
"Licking","044115","Heath City","121.0","117.0","0.9669421487603306"
"Highland","044123","Hillsboro City","197.0","164.0","0.8324873096446701"
"Erie","044131","Huron City Schools","97.0","92.0","0.9484536082474226"
"Lawrence","044149","Ironton City","114.0","102.0","0.8947368421052632"
"Jackson","044156","Jackson City","186.0","177.0","0.9516129032258065"
"Portage","044164","Kent City","194.0","186.0","0.9587628865979382"
"Hardin","044172","Kenton City","134.0","124.0","0.9253731343283582"
"Montgomery","044180","Kettering City","595.0","563.0","0.946218487394958"
"Cuyahoga","044198","Lakewood City","402.0","358.0","0.8905472636815921"
"Fairfield","044206","Lancaster City","455.0","411.0","0.9032967032967033"
"Warren","044214","Lebanon City","419.0","394.0","0.9403341288782816"
"Allen","044222","Lima City","305.0","247.0","0.8098360655737705"
"Hamilton","044230","Lockland Local","34.0","25.0","0.7352941176470589"
"Hocking","044248","Logan-Hocking Local","271.0","238.0","0.8782287822878229"
"Madison","044255","London City","144.0","121.0","0.8402777777777778"
"Lorain","044263","Lorain City","457.0","307.0","0.6717724288840262"
"Hamilton","044271","Loveland City","322.0","315.0","0.9782608695652174"
"Hamilton","044289","Madeira City","109.0","108.0","0.9908256880733946"
"Richland","044297","Mansfield City","265.0","225.0","0.8490566037735849"
"Cuyahoga","044305","Maple Heights City","277.0","216.0","0.779783393501805"
"Hamilton","044313","Mariemont City","145.0","141.0","0.9724137931034482"
"Washington","044321","Marietta City","208.0","185.0","0.8894230769230769"
"Marion","044339","Marion City","310.0","233.0","0.7516129032258064"
"Belmont","044347","Martins Ferry City","108.0","100.0","0.9259259259259259"
"Stark","044354","Massillon City","277.0","246.0","0.8880866425992779"
"Lucas","044362","Maumee City","204.0","191.0","0.9362745098039216"
"Cuyahoga","044370","Mayfield City","270.0","256.0","0.9481481481481482"
"Medina","044388","Medina City SD","545.0","520.0","0.9541284403669725"
"Montgomery","044396","Miamisburg City","445.0","405.0","0.9101123595505618"
"Butler","044404","Middletown City","520.0","427.0","0.8211538461538461"
"Hamilton","044412","Mt Healthy City","298.0","251.0","0.8422818791946308"
"Knox","044420","Mount Vernon City","284.0","255.0","0.897887323943662"
"Henry","044438","Napoleon Area City","129.0","111.0","0.8604651162790697"
"Athens","044446","Nelsonville-York City","97.0","83.0","0.8556701030927835"
"Licking","044453","Newark City","507.0","448.0","0.883629191321499"
"Scioto","044461","New Boston Local","39.0","35.0","0.8974358974358975"
"Perry","044479","New Lexington City","152.0","124.0","0.8157894736842105"
"Tuscarawas","044487","New Philadelphia City","212.0","191.0","0.9009433962264151"
"Trumbull","044495","Niles City","184.0","165.0","0.8967391304347826"
"Stark","044503","North Canton City","293.0","280.0","0.9556313993174061"
"Hamilton","044511","North College Hill City","122.0","97.0","0.7950819672131147"
"Cuyahoga","044529","North Olmsted City","284.0","277.0","0.9753521126760564"
"Lorain","044537","North Ridgeville City","303.0","281.0","0.9273927392739274"
"Cuyahoga","044545","North Royalton City","294.0","282.0","0.9591836734693877"
"Summit","044552","Norton City","200.0","183.0","0.915"
"Huron","044560","Norwalk City","220.0","191.0","0.8681818181818182"
"Hamilton","044578","Norwood City","161.0","140.0","0.8695652173913043"
"Montgomery","044586","Oakwood City","142.0","140.0","0.9859154929577465"
"Lorain","044594","Oberlin City Schools","78.0","69.0","0.8846153846153846"
"Lucas","044602","Oregon City","279.0","263.0","0.942652329749104"
"Wayne","044610","Orrville City","113.0","101.0","0.8938053097345132"
"Lake","044628","Painesville City Local","246.0","176.0","0.7154471544715447"
"Cuyahoga","044636","Parma City","714.0","637.0","0.8921568627450981"
"Miami","044644","Piqua City","306.0","248.0","0.8104575163398693"
"Ottawa","044651","Port Clinton City","128.0","114.0","0.890625"
"Scioto","044669","Portsmouth City","130.0","106.0","0.8153846153846154"
"Hamilton","044677","Princeton City","442.0","370.0","0.8371040723981901"
"Portage","044685","Ravenna City","197.0","170.0","0.8629441624365483"
"Hamilton","044693","Reading Community City","133.0","126.0","0.9473684210526315"
"Cuyahoga","044701","Rocky River City","210.0","208.0","0.9904761904761905"
"Hamilton","044719","St Bernard-Elmwood Place City","62.0","56.0","0.9032258064516129"
"Auglaize","044727","St Marys City","158.0","148.0","0.9367088607594937"
"Columbiana","044735","Salem City","147.0","141.0","0.9591836734693877"
"Erie","044743","Sandusky City","269.0","216.0","0.8029739776951673"
"Cuyahoga","044750","Shaker Heights City","372.0","335.0","0.9005376344086021"
"Lorain","044768","Sheffield-Sheffield Lake City","121.0","111.0","0.9173553719008265"
"Richland","044776","Shelby City","126.0","117.0","0.9285714285714286"
"Shelby","044784","Sidney City","255.0","232.0","0.9098039215686274"
"Cuyahoga","044792","South Euclid-Lyndhurst City","267.0","241.0","0.9026217228464419"
"Franklin","044800","South-Western City","1624.0","1326.0","0.8165024630541872"
"Clark","044818","Springfield City","562.0","457.0","0.8131672597864769"
"Jefferson","044826","Steubenville City","156.0","151.0","0.967948717948718"
"Summit","044834","Stow-Munroe Falls City School District","356.0","333.0","0.9353932584269663"
"Cuyahoga","044842","Strongsville City","369.0","355.0","0.962059620596206"
"Mahoning","044859","Struthers City","121.0","108.0","0.8925619834710744"
"Hamilton","044867","Sycamore Community City","379.0","370.0","0.9762532981530343"
"Lucas","044875","Sylvania City","507.0","488.0","0.9625246548323472"
"Summit","044883","Tallmadge City","164.0","157.0","0.9573170731707317"
"Seneca","044891","Tiffin City","203.0","184.0","0.9064039408866995"
"Lucas","044909","Toledo City","1718.0","1313.0","0.7642607683352736"
"Jefferson","044917","Toronto City","64.0","50.0","0.78125"
"Miami","044925","Troy City","300.0","283.0","0.9433333333333334"
"Franklin","044933","Upper Arlington City","392.0","380.0","0.9693877551020408"
"Champaign","044941","Urbana City","154.0","134.0","0.8701298701298701"
"Montgomery","044958","Vandalia-Butler City","210.0","198.0","0.9428571428571428"
"Van Wert","044966","Van Wert City","154.0","145.0","0.9415584415584416"
"Medina","044974","Wadsworth City","350.0","334.0","0.9542857142857143"
"Auglaize","044982","Wapakoneta City","266.0","249.0","0.9360902255639098"
"Trumbull","044990","Warren City","388.0","258.0","0.6649484536082474"
"Cuyahoga","045005","Warrensville Heights City","113.0","69.0","0.6106194690265486"
"Fayette","045013","Washington Court House City","194.0","157.0","0.8092783505154639"
"Jackson","045021","Wellston City","115.0","106.0","0.9217391304347826"
"Columbiana","045039","Wellsville Local","64.0","57.0","0.890625"
"Franklin","045047","Westerville City","1083.0","1023.0","0.9445983379501385"
"Montgomery","045054","West Carrollton City","312.0","278.0","0.8910256410256411"
"Cuyahoga","045062","Westlake City","252.0","238.0","0.9444444444444444"
"Franklin","045070","Whitehall City","247.0","185.0","0.7489878542510121"
"Lake","045088","Wickliffe City","112.0","106.0","0.9464285714285714"
"Huron","045096","Willard City","126.0","82.0","0.6507936507936508"
"Lake","045104","Willoughby-Eastlake City","628.0","586.0","0.9331210191082803"
"Clinton","045112","Wilmington City","222.0","183.0","0.8243243243243243"
"Wayne","045120","Wooster City","272.0","238.0","0.875"
"Franklin","045138","Worthington City","699.0","648.0","0.927038626609442"
"Hamilton","045146","Wyoming City","142.0","140.0","0.9859154929577465"
"Greene","045153","Xenia Community City","319.0","268.0","0.8401253918495298"
"Mahoning","045161","Youngstown City Schools","405.0","275.0","0.6790123456790124"
"Muskingum","045179","Zanesville City","291.0","212.0","0.7285223367697594"
"Hardin","045187","Ada Exempted Village","81.0","75.0","0.9259259259259259"
"Lorain","045195","Amherst Exempted Village","243.0","227.0","0.934156378600823"
"Belmont","045203","Barnesville Exempted Village","108.0","99.0","0.9166666666666666"
"Allen","045211","Bluffton Exempted Village","92.0","90.0","0.9782608695652174"
"Miami","045229","Bradford Exempted Village","38.0","37.0","0.9736842105263158"
"Belmont","045237","Bridgeport Exempted Village","60.0","50.0","0.8333333333333334"
"Harrison","045245","Harrison Hills City","115.0","93.0","0.808695652173913"
"Noble","045252","Caldwell Exempted Village","61.0","54.0","0.8852459016393442"
"Wyandot","045260","Carey Exempted Village","55.0","51.0","0.9272727272727272"
"Carroll","045278","Carrollton Exempted Village","166.0","149.0","0.8975903614457831"
"Cuyahoga","045286","Chagrin Falls Exempted Village","141.0","140.0","0.9929078014184397"
"Lawrence","045294","Chesapeake Union Exempted Village","125.0","104.0","0.832"
"Sandusky","045302","Clyde-Green Springs Exempted Village","167.0","154.0","0.9221556886227545"
"Mercer","045310","Coldwater Exempted Village","115.0","113.0","0.9826086956521739"
"Columbiana","045328","Columbiana Exempted Village","79.0","72.0","0.9113924050632911"
"Miami","045336","Covington Exempted Village","68.0","64.0","0.9411764705882353"
"Crawford","045344","Crestline Exempted Village","37.0","32.0","0.8648648648648649"
"Perry","045351","Crooksville Exempted Village","87.0","77.0","0.8850574712643678"
"Lake","045369","Fairport Harbor Exempted Village","48.0","43.0","0.8958333333333334"
"Brown","045377","Georgetown Exempted Village","77.0","65.0","0.8441558441558441"
"Sandusky","045385","Gibsonburg Exempted Village","77.0","70.0","0.9090909090909091"
"Licking","045393","Granville Exempted Village","168.0","159.0","0.9464285714285714"
"Highland","045401","Greenfield Exempted Village","147.0","127.0","0.8639455782312925"
"Defiance","045419","Hicksville Exempted Village","68.0","65.0","0.9558823529411765"
"Trumbull","045427","Hubbard Exempted Village","157.0","148.0","0.9426751592356688"
"Hamilton","045435","Indian Hill Exempted Village","129.0","128.0","0.9922480620155039"
"Columbiana","045443","Leetonia Exempted Village","47.0","42.0","0.8936170212765957"
"Columbiana","045450","Lisbon Exempted Village","50.0","49.0","0.98"
"Ashland","045468","Loudonville-Perrysville Exempted Village","76.0","75.0","0.9868421052631579"
"Union","045476","Marysville Exempted Village","431.0","383.0","0.888631090487239"
"Champaign","045484","Mechanicsburg Exempted Village","60.0","59.0","0.9833333333333333"
"Lake","045492","Mentor Exempted Village","548.0","518.0","0.9452554744525548"
"Clermont","045500","Milford Exempted Village","494.0","478.0","0.9676113360323887"
"Miami","045518","Milton-Union Exempted Village","114.0","112.0","0.9824561403508771"
"Williams","045526","Montpelier Exempted Village","70.0","63.0","0.9"
"Morrow","045534","Mount Gilead Exempted Village","88.0","76.0","0.8636363636363636"
"Tuscarawas","045542","Newcomerstown Exempted Village","63.0","55.0","0.873015873015873"
"Clermont","045559","New Richmond Exempted Village","167.0","158.0","0.9461077844311377"
"Trumbull","045567","Newton Falls Exempted Village","76.0","55.0","0.7236842105263158"
"Paulding","045575","Paulding Exempted Village","99.0","91.0","0.9191919191919192"
"Wood","045583","Perrysburg Exempted Village","363.0","344.0","0.9476584022038568"
"Wayne","045591","Rittman Exempted Village","83.0","72.0","0.8674698795180723"
"Wood","045609","Rossford Exempted Village","134.0","127.0","0.9477611940298507"
"Miami","045617","Tipp City Exempted Village","196.0","183.0","0.9336734693877551"
"Wyandot","045625","Upper Sandusky Exempted Village","118.0","108.0","0.9152542372881356"
"Darke","045633","Versailles Exempted Village","95.0","92.0","0.968421052631579"
"Fulton","045641","Wauseon Exempted Village","125.0","124.0","0.992"
"Lorain","045658","Wellington Exempted Village","85.0","71.0","0.8352941176470589"
"Portage","045666","Windham Exempted Village","44.0","39.0","0.8863636363636364"
"Greene","045674","Yellow Springs Exempted Village","49.0","47.0","0.9591836734693877"
"Allen","045757","Allen East Local","83.0","81.0","0.9759036144578314"
"Allen","045765","Bath Local","158.0","152.0","0.9620253164556962"
"Allen","045773","Elida Local","224.0","191.0","0.8526785714285714"
"Allen","045781","Perry Local","70.0","61.0","0.8714285714285714"
"Allen","045799","Shawnee Local","169.0","165.0","0.9763313609467456"
"Allen","045807","Spencerville Local","69.0","67.0","0.9710144927536232"
"Ashland","045823","Hillsdale Local","76.0","73.0","0.9605263157894737"
"Ashland","045831","Mapleton Local","65.0","61.0","0.9384615384615385"
"Ashtabula","045856","Buckeye Local","140.0","132.0","0.9428571428571428"
"Ashtabula","045864","Grand Valley Local","106.0","100.0","0.9433962264150944"
"Ashtabula","045872","Jefferson Area Local","129.0","116.0","0.8992248062015504"
"Ashtabula","045880","Pymatuning Valley Local","105.0","94.0","0.8952380952380953"
"Athens","045906","Alexander Local","126.0","109.0","0.8650793650793651"
"Athens","045914","Federal Hocking Local","80.0","75.0","0.9375"
"Athens","045922","Trimble Local","57.0","40.0","0.7017543859649122"
"Auglaize","045948","Minster Local","56.0","55.0","0.9821428571428571"
"Auglaize","045955","New Bremen Local","61.0","60.0","0.9836065573770492"
"Auglaize","045963","New Knoxville Local","22.0","22.0","1.0"
"Auglaize","045971","Waynesfield-Goshen Local","35.0","34.0","0.9714285714285714"
"Belmont","045997","St Clairsville-Richland City","114.0","103.0","0.9035087719298246"
"Belmont","046003","Shadyside Local","58.0","57.0","0.9827586206896551"
"Belmont","046011","Union Local","114.0","103.0","0.9035087719298246"
"Brown","046037","Eastern Local","99.0","88.0","0.8888888888888888"
"Brown","046045","Fayetteville-Perry Local","60.0","57.0","0.95"
"Brown","046060","Western Brown Local","263.0","211.0","0.8022813688212928"
"Brown","046078","Ripley-Union-Lewis-Huntington Local","62.0","48.0","0.7741935483870968"
"Butler","046094","Edgewood City","279.0","259.0","0.9283154121863799"
"Butler","046102","Fairfield City","764.0","692.0","0.9057591623036649"
"Butler","046110","Lakota Local","1266.0","1189.0","0.9391785150078988"
"Butler","046128","Madison Local","110.0","92.0","0.8363636363636363"
"Butler","046136","New Miami Local","55.0","39.0","0.7090909090909091"
"Butler","046144","Ross Local","217.0","204.0","0.9400921658986175"
"Butler","046151","Talawanda City","196.0","185.0","0.9438775510204082"
"Carroll","046177","Brown Local","35.0","34.0","0.9714285714285714"
"Champaign","046193","Graham Local","158.0","142.0","0.8987341772151899"
"Champaign","046201","Triad Local","70.0","60.0","0.8571428571428571"
"Champaign","046219","West Liberty-Salem Local","75.0","72.0","0.96"
"Clark","046235","Greenon Local","123.0","118.0","0.959349593495935"
"Clark","046243","Tecumseh Local","208.0","175.0","0.8413461538461539"
"Clark","046250","Northeastern Local","242.0","220.0","0.9090909090909091"
"Clark","046268","Northwestern Local","113.0","108.0","0.9557522123893806"
"Clark","046276","Southeastern Local","54.0","53.0","0.9814814814814815"
"Clark","046284","Clark-Shawnee Local","130.0","124.0","0.9538461538461539"
"Clermont","046300","Batavia Local","160.0","152.0","0.95"
"Clermont","046318","Bethel-Tate Local","118.0","111.0","0.940677966101695"
"Clermont","046326","Clermont Northeastern Local","101.0","95.0","0.9405940594059405"
"Clermont","046334","Felicity-Franklin Local","83.0","72.0","0.8674698795180723"
"Clermont","046342","Goshen Local","199.0","183.0","0.9195979899497487"
"Clermont","046359","West Clermont Local","656.0","604.0","0.9207317073170732"
"Clermont","046367","Williamsburg Local","74.0","72.0","0.972972972972973"
"Clinton","046383","Blanchester Local","141.0","130.0","0.9219858156028369"
"Clinton","046391","Clinton-Massie Local","143.0","120.0","0.8391608391608392"
"Clinton","046409","East Clinton Local","109.0","96.0","0.8807339449541285"
"Columbiana","046425","Beaver Local","122.0","115.0","0.9426229508196722"
"Columbiana","046433","Crestview Local","103.0","100.0","0.970873786407767"
"Columbiana","046441","Southern Local","61.0","53.0","0.8688524590163934"
"Columbiana","046458","United Local","93.0","84.0","0.9032258064516129"
"Coshocton","046474","Ridgewood Local","114.0","95.0","0.8333333333333334"
"Coshocton","046482","River View Local","167.0","150.0","0.8982035928143712"
"Crawford","046508","Buckeye Central Local","46.0","41.0","0.8913043478260869"
"Crawford","046516","Colonel Crawford Local","65.0","62.0","0.9538461538461539"
"Crawford","046524","Wynford Local","87.0","79.0","0.9080459770114943"
"Cuyahoga","046557","Cuyahoga Heights Local","66.0","64.0","0.9696969696969697"
"Cuyahoga","046565","Independence Local","65.0","65.0","1.0"
"Cuyahoga","046573","Olmsted Falls City","261.0","247.0","0.946360153256705"
"Cuyahoga","046581","Orange City","147.0","132.0","0.8979591836734694"
"Cuyahoga","046599","Richmond Heights Local","52.0","43.0","0.8269230769230769"
"Cuyahoga","046607","Solon City","349.0","340.0","0.9742120343839542"
"Darke","046623","Ansonia Local","57.0","56.0","0.9824561403508771"
"Darke","046631","Arcanum-Butler Local","83.0","77.0","0.927710843373494"
"Darke","046649","Franklin Monroe Local","38.0","37.0","0.9736842105263158"
"Darke","046672","Mississinawa Valley Local","48.0","42.0","0.875"
"Darke","046680","Tri-Village Local","71.0","61.0","0.8591549295774648"
"Defiance","046706","Ayersville Local","42.0","42.0","1.0"
"Defiance","046714","Central Local","73.0","69.0","0.9452054794520548"
"Defiance","046722","Northeastern Local","82.0","76.0","0.926829268292683"
"Delaware","046748","Big Walnut Local","253.0","238.0","0.9407114624505929"
"Delaware","046755","Buckeye Valley Local","147.0","137.0","0.9319727891156463"
"Delaware","046763","Olentangy Local","1560.0","1530.0","0.9807692307692307"
"Erie","046789","Edison Local (formerly Berlin-Milan)","104.0","92.0","0.8846153846153846"
"Erie","046805","Margaretta Local","97.0","88.0","0.9072164948453608"
"Erie","046813","Perkins Local","157.0","147.0","0.9363057324840764"
"Erie","046821","Vermilion Local","141.0","126.0","0.8936170212765957"
"Fairfield","046847","Amanda-Clearcreek Local","119.0","114.0","0.957983193277311"
"Fairfield","046854","Berne Union Local","66.0","63.0","0.9545454545454546"
"Fairfield","046862","Bloom-Carroll Local","144.0","134.0","0.9305555555555556"
"Fairfield","046870","Fairfield Union Local","125.0","108.0","0.864"
"Fairfield","046888","Liberty Union-Thurston Local","104.0","100.0","0.9615384615384616"
"Fairfield","046896","Pickerington Local","755.0","712.0","0.9430463576158941"
"Fairfield","046904","Walnut Township Local","46.0","44.0","0.9565217391304348"
"Fayette","046920","Miami Trace Local","208.0","182.0","0.875"
"Franklin","046946","Canal Winchester Local","278.0","258.0","0.9280575539568345"
"Franklin","046953","Hamilton Local","215.0","178.0","0.827906976744186"
"Franklin","046961","Gahanna-Jefferson City","542.0","506.0","0.933579335793358"
"Franklin","046979","Groveport Madison Local","476.0","383.0","0.8046218487394958"
"Franklin","046995","New Albany-Plain Local","410.0","383.0","0.9341463414634147"
"Franklin","047001","Reynoldsburg City","512.0","471.0","0.919921875"
"Franklin","047019","Hilliard City","1167.0","1066.0","0.9134532990574121"
"Franklin","047027","Dublin City","1118.0","1056.0","0.9445438282647585"
"Fulton","047043","Archbold-Area Local","96.0","86.0","0.8958333333333334"
"Fulton","047050","Evergreen Local","89.0","83.0","0.9325842696629213"
"Fulton","047068","Fayette Local","20.0","19.0","0.95"
"Fulton","047076","Pettisville Local","34.0","32.0","0.9411764705882353"
"Fulton","047084","Pike-Delta-York Local","95.0","90.0","0.9473684210526315"
"Fulton","047092","Swanton Local","89.0","79.0","0.8876404494382022"
"Geauga","047167","Berkshire Local","68.0","63.0","0.9264705882352942"
"Geauga","047175","Cardinal Local","89.0","81.0","0.9101123595505618"
"Geauga","047183","Chardon Local","234.0","230.0","0.9829059829059829"
"Geauga","047191","Kenston Local","207.0","198.0","0.9565217391304348"
"Geauga","047209","Ledgemont Local","28.0","22.0","0.7857142857142857"
"Geauga","047217","Newbury Local","31.0","30.0","0.967741935483871"
"Geauga","047225","West Geauga Local","138.0","129.0","0.9347826086956522"
"Greene","047241","Beavercreek City","555.0","540.0","0.972972972972973"
"Greene","047258","Cedar Cliff Local","38.0","37.0","0.9736842105263158"
"Greene","047266","Greeneview Local","96.0","89.0","0.9270833333333334"
"Greene","047274","Bellbrook-Sugarcreek Local School District","192.0","183.0","0.953125"
"Guernsey","047308","Rolling Hills Local","122.0","95.0","0.7786885245901639"
"Hamilton","047332","Finneytown Local","99.0","88.0","0.8888888888888888"
"Hamilton","047340","Forest Hills Local","546.0","517.0","0.9468864468864469"
"Hamilton","047365","Northwest Local","688.0","586.0","0.8517441860465116"
"Hamilton","047373","Oak Hills Local","554.0","530.0","0.9566787003610109"
"Hamilton","047381","Southwest Local","277.0","267.0","0.9638989169675091"
"Hamilton","047399","Three Rivers Local","169.0","161.0","0.9526627218934911"
"Hancock","047415","Arcadia Local","43.0","38.0","0.8837209302325582"
"Hancock","047423","Arlington Local","33.0","31.0","0.9393939393939394"
"Hancock","047431","Cory-Rawson Local","43.0","40.0","0.9302325581395349"
"Hancock","047449","Liberty-Benton Local","98.0","95.0","0.9693877551020408"
"Hancock","047456","McComb Local","45.0","44.0","0.9777777777777777"
"Hancock","047464","Van Buren Local","80.0","79.0","0.9875"
"Hancock","047472","Vanlue Local","20.0","17.0","0.85"
"Hardin","047498","Hardin Northern Local","32.0","32.0","1.0"
"Hardin","047506","Ridgemont Local","43.0","38.0","0.8837209302325582"
"Hancock","047514","Riverdale Local","76.0","68.0","0.8947368421052632"
"Hardin","047522","Upper Scioto Valley Local","31.0","25.0","0.8064516129032258"
"Harrison","047548","Conotton Valley Union Local","40.0","35.0","0.875"
"Henry","047571","Holgate Local","29.0","29.0","1.0"
"Henry","047589","Liberty Center Local","78.0","69.0","0.8846153846153846"
"Henry","047597","Patrick Henry Local","59.0","55.0","0.9322033898305084"
"Highland","047613","Bright Local","54.0","50.0","0.9259259259259259"
"Highland","047621","Fairfield Local","75.0","73.0","0.9733333333333334"
"Highland","047639","Lynchburg-Clay Local","96.0","91.0","0.9479166666666666"
"Holmes","047688","East Holmes Local","166.0","154.0","0.927710843373494"
"Holmes","047696","West Holmes Local","171.0","161.0","0.9415204678362573"
"Huron","047712","Monroeville Local","49.0","41.0","0.8367346938775511"
"Huron","047720","New London Local","72.0","54.0","0.75"
"Huron","047738","South Central Local","64.0","62.0","0.96875"
"Huron","047746","Western Reserve Local","83.0","79.0","0.9518072289156626"
"Jackson","047761","Oak Hill Union Local","95.0","83.0","0.8736842105263158"
"Jefferson","047787","Buckeye Local","133.0","121.0","0.9097744360902256"
"Jefferson","047795","Edison Local","121.0","112.0","0.9256198347107438"
"Jefferson","047803","Indian Creek Local","171.0","153.0","0.8947368421052632"
"Knox","047829","Centerburg Local","80.0","78.0","0.975"
"Knox","047837","Danville Local","39.0","36.0","0.9230769230769231"
"Knox","047845","East Knox Local","70.0","65.0","0.9285714285714286"
"Knox","047852","Fredericktown Local","96.0","91.0","0.9479166666666666"
"Lake","047878","Kirtland Local","78.0","75.0","0.9615384615384616"
"Lake","047886","Madison Local","240.0","214.0","0.8916666666666667"
"Lake","047894","Riverside Local","361.0","330.0","0.9141274238227147"
"Lake","047902","Perry Local","117.0","109.0","0.9316239316239316"
"Lawrence","047928","Dawson-Bryant Local","97.0","94.0","0.9690721649484536"
"Lawrence","047936","Fairland Local","143.0","135.0","0.9440559440559441"
"Lawrence","047944","Rock Hill Local","105.0","95.0","0.9047619047619048"
"Lawrence","047951","South Point Local","125.0","105.0","0.84"
"Lawrence","047969","Symmes Valley Local","58.0","56.0","0.9655172413793104"
"Licking","047985","Johnstown-Monroe Local","128.0","123.0","0.9609375"
"Licking","047993","Lakewood Local","138.0","117.0","0.8478260869565217"
"Licking","048009","Licking Heights Local","307.0","275.0","0.8957654723127035"
"Licking","048017","Licking Valley Local","138.0","132.0","0.9565217391304348"
"Licking","048025","North Fork Local","103.0","93.0","0.9029126213592233"
"Licking","048033","Northridge Local","102.0","98.0","0.9607843137254902"
"Licking","048041","Southwest Licking Local","280.0","249.0","0.8892857142857142"
"Logan","048074","Benjamin Logan Local","150.0","132.0","0.88"
"Logan","048082","Indian Lake Local","123.0","115.0","0.9349593495934959"
"Logan","048090","Riverside Local","47.0","39.0","0.8297872340425532"
"Lorain","048116","Avon Local","372.0","362.0","0.9731182795698925"
"Lorain","048124","Avon Lake City","274.0","270.0","0.9854014598540146"
"Lorain","048132","Clearview Local","119.0","106.0","0.8907563025210085"
"Lorain","048140","Columbia Local","56.0","55.0","0.9821428571428571"
"Lorain","048157","Firelands Local","123.0","120.0","0.975609756097561"
"Lorain","048165","Keystone Local","114.0","107.0","0.9385964912280702"
"Lorain","048173","Midview Local","213.0","201.0","0.9436619718309859"
"Lucas","048207","Anthony Wayne Local","352.0","343.0","0.9744318181818182"
"Lucas","048215","Ottawa Hills Local","67.0","67.0","1.0"
"Lucas","048223","Springfield Local","288.0","271.0","0.9409722222222222"
"Lucas","048231","Washington Local","513.0","437.0","0.8518518518518519"
"Madison","048256","Jefferson Local","103.0","98.0","0.9514563106796117"
"Madison","048264","Jonathan Alder Local","198.0","176.0","0.8888888888888888"
"Madison","048272","Madison-Plains Local","92.0","81.0","0.8804347826086957"
"Mahoning","048298","Austintown Local","373.0","346.0","0.9276139410187667"
"Mahoning","048306","Boardman Local","321.0","308.0","0.9595015576323987"
"Mahoning","048314","Canfield Local","207.0","202.0","0.9758454106280193"
"Mahoning","048322","Jackson-Milton Local","52.0","45.0","0.8653846153846154"
"Mahoning","048330","Lowellville Local","46.0","45.0","0.9782608695652174"
"Mahoning","048348","Poland Local","151.0","149.0","0.9867549668874173"
"Mahoning","048355","Sebring Local","47.0","39.0","0.8297872340425532"
"Mahoning","048363","South Range Local","92.0","88.0","0.9565217391304348"
"Mahoning","048371","Springfield Local","72.0","69.0","0.9583333333333334"
"Mahoning","048389","West Branch Local","148.0","136.0","0.918918918918919"
"Mahoning","048397","Western Reserve Local","52.0","52.0","1.0"
"Marion","048413","Elgin Local","78.0","68.0","0.8717948717948718"
"Marion","048421","Pleasant Local","89.0","85.0","0.9550561797752809"
"Marion","048439","Ridgedale Local","58.0","50.0","0.8620689655172413"
"Marion","048447","River Valley Local","165.0","152.0","0.9212121212121213"
"Medina","048462","Black River Local","74.0","69.0","0.9324324324324325"
"Medina","048470","Buckeye Local","161.0","150.0","0.9316770186335404"
"Medina","048488","Cloverleaf Local","183.0","176.0","0.9617486338797814"
"Medina","048496","Highland Local","231.0","220.0","0.9523809523809523"
"Meigs","048512","Eastern Local","55.0","50.0","0.9090909090909091"
"Meigs","048520","Meigs Local","137.0","119.0","0.8686131386861314"
"Meigs","048538","Southern Local","50.0","45.0","0.9"
"Mercer","048553","Marion Local","76.0","76.0","1.0"
"Mercer","048579","Parkway Local","84.0","79.0","0.9404761904761905"
"Mercer","048587","St Henry Consolidated Local","67.0","66.0","0.9850746268656716"
"Mercer","048595","Fort Recovery Local","71.0","61.0","0.8591549295774648"
"Miami","048611","Bethel Local","80.0","78.0","0.975"
"Miami","048629","Miami East Local","102.0","96.0","0.9411764705882353"
"Miami","048637","Newton Local","48.0","46.0","0.9583333333333334"
"Monroe","048652","Switzerland of Ohio Local","167.0","136.0","0.8143712574850299"
"Montgomery","048678","Brookville Local","99.0","97.0","0.9797979797979798"
"Montgomery","048686","Jefferson Township Local","19.0","17.0","0.8947368421052632"
"Montgomery","048694","Trotwood-Madison City","131.0","102.0","0.7786259541984732"
"Montgomery","048702","Mad River Local","250.0","216.0","0.864"
"Montgomery","048710","New Lebanon Local","86.0","83.0","0.9651162790697675"
"Montgomery","048728","Northmont City","381.0","356.0","0.9343832020997376"
"Montgomery","048736","Northridge Local","129.0","102.0","0.7906976744186046"
"Montgomery","048744","Valley View Local","132.0","121.0","0.9166666666666666"
"Montgomery","048751","Huber Heights City","439.0","380.0","0.8656036446469249"
"Morgan","048777","Morgan Local","145.0","134.0","0.9241379310344827"
"Morrow","048793","Cardington-Lincoln Local","76.0","73.0","0.9605263157894737"
"Morrow","048801","Highland Local","136.0","131.0","0.9632352941176471"
"Morrow","048819","Northmor Local","65.0","59.0","0.9076923076923077"
"Muskingum","048835","East Muskingum Local","181.0","174.0","0.9613259668508287"
"Muskingum","048843","Franklin Local","168.0","149.0","0.8869047619047619"
"Muskingum","048850","Maysville Local","151.0","143.0","0.9470198675496688"
"Muskingum","048876","Tri-Valley Local","236.0","225.0","0.9533898305084746"
"Muskingum","048884","West Muskingum Local","113.0","107.0","0.9469026548672567"
"Noble","048900","Noble Local","66.0","62.0","0.9393939393939394"
"Ottawa","048926","Benton Carroll Salem Local","123.0","114.0","0.926829268292683"
"Ottawa","048934","Danbury Local","36.0","34.0","0.9444444444444444"
"Ottawa","048942","Genoa Area Local","94.0","85.0","0.9042553191489362"
"Paulding","048991","Antwerp Local","51.0","51.0","1.0"
"Paulding","049031","Wayne Trace Local","75.0","69.0","0.92"
"Perry","049056","Northern Local","142.0","134.0","0.9436619718309859"
"Perry","049064","Southern Local","60.0","51.0","0.85"
"Pickaway","049080","Logan Elm Local","122.0","114.0","0.9344262295081968"
"Pickaway","049098","Teays Valley Local","267.0","243.0","0.9101123595505618"
"Pickaway","049106","Westfall Local","95.0","79.0","0.8315789473684211"
"Pike","049122","Eastern Local","64.0","41.0","0.640625"
"Pike","049130","Scioto Valley Local","115.0","77.0","0.6695652173913044"
"Pike","049148","Waverly City","131.0","104.0","0.7938931297709924"
"Pike","049155","Western Local","65.0","41.0","0.6307692307692307"
"Portage","049171","Aurora City","205.0","199.0","0.9707317073170731"
"Portage","049189","Crestwood Local","126.0","115.0","0.9126984126984127"
"Portage","049197","Field Local","139.0","129.0","0.9280575539568345"
"Portage","049205","James A Garfield Local","121.0","117.0","0.9669421487603306"
"Portage","049213","Rootstown Local","91.0","87.0","0.9560439560439561"
"Portage","049221","Southeast Local","101.0","93.0","0.9207920792079208"
"Portage","049239","Streetsboro City","153.0","140.0","0.9150326797385621"
"Portage","049247","Waterloo Local","90.0","84.0","0.9333333333333333"
"Preble","049270","National Trail Local","85.0","81.0","0.9529411764705882"
"Preble","049288","Preble Shawnee Local","110.0","98.0","0.8909090909090909"
"Preble","049296","Twin Valley Community Local","58.0","52.0","0.896551724137931"
"Putnam","049312","Columbus Grove Local","64.0","62.0","0.96875"
"Putnam","049320","Continental Local","27.0","26.0","0.9629629629629629"
"Putnam","049338","Jennings Local","25.0","23.0","0.92"
"Putnam","049346","Kalida Local","54.0","54.0","1.0"
"Putnam","049353","Leipsic Local","48.0","44.0","0.9166666666666666"
"Putnam","049361","Miller City-New Cleveland Local","31.0","31.0","1.0"
"Putnam","049379","Ottawa-Glandorf Local","117.0","115.0","0.9829059829059829"
"Putnam","049387","Ottoville Local","32.0","32.0","1.0"
"Putnam","049395","Pandora-Gilboa Local","42.0","41.0","0.9761904761904762"
"Richland","049411","Clear Fork Valley Local","125.0","113.0","0.904"
"Richland","049429","Crestview Local","81.0","76.0","0.9382716049382716"
"Richland","049437","Lexington Local","157.0","155.0","0.9872611464968153"
"Richland","049445","Lucas Local","51.0","51.0","1.0"
"Richland","049452","Madison Local","201.0","179.0","0.8905472636815921"
"Richland","049460","Plymouth-Shiloh Local","67.0","61.0","0.9104477611940298"
"Richland","049478","Ontario Local","145.0","136.0","0.9379310344827586"
"Ross","049494","Adena Local","102.0","81.0","0.7941176470588235"
"Ross","049502","Huntington Local","106.0","96.0","0.9056603773584906"
"Ross","049510","Paint Valley Local","67.0","59.0","0.8805970149253731"
"Ross","049528","Southeastern Local","106.0","82.0","0.7735849056603774"
"Ross","049536","Union-Scioto Local","152.0","144.0","0.9473684210526315"
"Ross","049544","Zane Trace Local","120.0","107.0","0.8916666666666667"
"Sandusky","049569","Lakota Local","91.0","82.0","0.9010989010989011"
"Sandusky","049577","Woodmore Local","70.0","64.0","0.9142857142857143"
"Scioto","049593","Bloom-Vernon Local","72.0","66.0","0.9166666666666666"
"Scioto","049601","Clay Local","47.0","42.0","0.8936170212765957"
"Scioto","049619","Green Local","36.0","29.0","0.8055555555555556"
"Scioto","049627","Minford Local","94.0","83.0","0.8829787234042553"
"Scioto","049635","Northwest Local","140.0","129.0","0.9214285714285714"
"Scioto","049643","Valley Local","83.0","68.0","0.8192771084337349"
"Scioto","049650","Washington-Nile Local","119.0","108.0","0.907563025210084"
"Scioto","049668","Wheelersburg Local","113.0","106.0","0.9380530973451328"
"Seneca","049684","Seneca East Local","70.0","67.0","0.9571428571428572"
"Seneca","049700","Hopewell-Loudon Local","70.0","65.0","0.9285714285714286"
"Seneca","049718","New Riegel Local","24.0","22.0","0.9166666666666666"
"Seneca","049726","Old Fort Local","37.0","35.0","0.9459459459459459"
"Shelby","049759","Anna Local","96.0","92.0","0.9583333333333334"
"Shelby","049767","Botkins Local","41.0","41.0","1.0"
"Shelby","049775","Fairlawn Local","43.0","42.0","0.9767441860465116"
"Shelby","049783","Fort Loramie Local","56.0","56.0","1.0"
"Shelby","049791","Hardin-Houston Local","76.0","69.0","0.9078947368421053"
"Shelby","049809","Jackson Center Local","42.0","40.0","0.9523809523809523"
"Shelby","049817","Russia Local","27.0","27.0","1.0"
"Stark","049833","Canton Local","123.0","110.0","0.8943089430894309"
"Stark","049841","Fairless Local","126.0","115.0","0.9126984126984127"
"Stark","049858","Jackson Local","421.0","407.0","0.9667458432304038"
"Stark","049866","Lake Local","264.0","250.0","0.946969696969697"
"Stark","049874","Louisville City","221.0","211.0","0.9547511312217195"
"Stark","049882","Marlington Local","167.0","154.0","0.9221556886227545"
"Stark","049890","Minerva Local","135.0","118.0","0.8740740740740741"
"Stark","049908","Northwest Local","148.0","141.0","0.9527027027027027"
"Stark","049916","Osnaburg Local","66.0","62.0","0.9393939393939394"
"Stark","049924","Perry Local","353.0","333.0","0.943342776203966"
"Stark","049932","Plain Local","435.0","398.0","0.9149425287356322"
"Stark","049940","Sandy Valley Local","108.0","99.0","0.9166666666666666"
"Stark","049957","Tuslaw Local","101.0","99.0","0.9801980198019802"
"Summit","049973","Woodridge Local","156.0","147.0","0.9423076923076923"
"Summit","049981","Copley-Fairlawn City","211.0","203.0","0.9620853080568721"
"Summit","049999","Coventry Local","146.0","134.0","0.9178082191780822"
"Summit","050005","Manchester Local","87.0","83.0","0.9540229885057471"
"Summit","050013","Green Local","320.0","312.0","0.975"
"Summit","050021","Hudson City","344.0","332.0","0.9651162790697675"
"Summit","050039","Mogadore Local","61.0","58.0","0.9508196721311475"
"Summit","050047","Nordonia Hills City","262.0","244.0","0.9312977099236641"
"Summit","050054","Revere Local","191.0","188.0","0.9842931937172775"
"Summit","050062","Springfield Local","132.0","110.0","0.8333333333333334"
"Summit","050070","Twinsburg City","324.0","312.0","0.9629629629629629"
"Trumbull","050096","Bloomfield-Mespo Local","26.0","26.0","1.0"
"Trumbull","050112","Bristol Local","47.0","44.0","0.9361702127659575"
"Trumbull","050120","Brookfield Local","93.0","86.0","0.9247311827956989"
"Trumbull","050138","Champion Local","115.0","110.0","0.9565217391304348"
"Trumbull","050153","Mathews Local","61.0","57.0","0.9344262295081968"
"Trumbull","050161","Howland Local","217.0","202.0","0.9308755760368663"
"Trumbull","050179","Joseph Badger Local","69.0","62.0","0.8985507246376812"
"Trumbull","050187","Lakeview Local","112.0","108.0","0.9642857142857143"
"Trumbull","050195","Liberty Local","73.0","62.0","0.8493150684931506"
"Trumbull","050203","Lordstown Local","32.0","32.0","1.0"
"Trumbull","050211","Maplewood Local","52.0","51.0","0.9807692307692307"
"Trumbull","050229","McDonald Local","62.0","57.0","0.9193548387096774"
"Trumbull","050237","Southington Local","36.0","33.0","0.9166666666666666"
"Trumbull","050245","LaBrae Local","93.0","79.0","0.8494623655913979"
"Trumbull","050252","Weathersfield Local","70.0","64.0","0.9142857142857143"
"Tuscarawas","050278","Garaway Local","91.0","86.0","0.945054945054945"
"Tuscarawas","050286","Indian Valley Local Schools","157.0","150.0","0.9554140127388535"
"Tuscarawas","050294","Strasburg-Franklin Local","45.0","41.0","0.9111111111111111"
"Tuscarawas","050302","Tuscarawas Valley Local","88.0","77.0","0.875"
"Union","050328","Fairbanks Local","83.0","79.0","0.9518072289156626"
"Union","050336","North Union Local","114.0","106.0","0.9298245614035088"
"Van Wert","050351","Crestview Local","61.0","57.0","0.9344262295081968"
"Van Wert","050369","Lincolnview Local","64.0","57.0","0.890625"
"Vinton","050393","Vinton County Local","161.0","138.0","0.8571428571428571"
"Warren","050419","Carlisle Local","119.0","111.0","0.9327731092436975"
"Warren","050427","Springboro Community City","445.0","426.0","0.9573033707865168"
"Warren","050435","Kings Local","288.0","276.0","0.9583333333333334"
"Warren","050443","Little Miami Local","326.0","312.0","0.9570552147239264"
"Warren","050450","Mason City School District","770.0","751.0","0.9753246753246754"
"Warren","050468","Wayne Local","101.0","99.0","0.9801980198019802"
"Washington","050484","Fort Frye Local","69.0","64.0","0.927536231884058"
"Washington","050492","Frontier Local","53.0","44.0","0.8301886792452831"
"Washington","050500","Warren Local","146.0","137.0","0.9383561643835616"
"Washington","050518","Wolf Creek Local","44.0","40.0","0.9090909090909091"
"Wayne","050534","Chippewa Local","101.0","94.0","0.9306930693069307"
"Wayne","050542","Dalton Local","71.0","65.0","0.9154929577464789"
"Wayne","050559","Green Local","88.0","87.0","0.9886363636363636"
"Wayne","050567","Norwayne Local","100.0","95.0","0.95"
"Wayne","050575","Northwestern Local","107.0","102.0","0.9532710280373832"
"Wayne","050583","Southeast Local","120.0","115.0","0.9583333333333334"
"Wayne","050591","Triway Local","145.0","138.0","0.9517241379310345"
"Williams","050617","Edgerton Local","44.0","44.0","1.0"
"Williams","050625","Edon-Northwest Local","41.0","40.0","0.975609756097561"
"Williams","050633","Millcreek-West Unity Local","36.0","30.0","0.8333333333333334"
"Williams","050641","North Central Local","57.0","48.0","0.8421052631578947"
"Williams","050658","Stryker Local","36.0","36.0","1.0"
"Wood","050674","Eastwood Local","116.0","107.0","0.9224137931034483"
"Wood","050682","Elmwood Local","93.0","87.0","0.9354838709677419"
"Wood","050690","Lake Local","116.0","107.0","0.9224137931034483"
"Wood","050708","North Baltimore Local","42.0","39.0","0.9285714285714286"
"Wood","050716","Northwood Local Schools","73.0","70.0","0.958904109589041"
"Wood","050724","Otsego Local","109.0","103.0","0.944954128440367"
"Wyandot","050740","Mohawk Local","86.0","79.0","0.9186046511627907"
"Adams","061903","Adams County/Ohio Valley Local","301.0","268.0","0.8903654485049833"
"Gallia","065680","Gallia County Local","160.0","145.0","0.90625"
"Guernsey","069682","East Guernsey Local","77.0","69.0","0.8961038961038961"
"Preble","091397","Tri-County North Local","74.0","64.0","0.8648648648648649"
"Butler","139303","Monroe Local School District","194.0","172.0","0.8865979381443299"
